drug_id_raw,pubchem_cid,drug_name,moa_source,moa_primary,moa_secondary,confidence,notes
AICA RIBONUCLEOTIDE (GDSC1:1001),,AICA riboside / AICAR,https://pmc.ncbi.nlm.nih.gov/articles/PMC8147799/,AMPK activator / purine-metabolism probe,AMPK-independent metabolic effects,medium,"Use cautiously; cellular effects are not exclusively AMPK-mediated."
DACOMITINIB (GDSC1:363),,dacomitinib,https://www.cancer.gov/publications/dictionaries/cancer-drug/def/dacomitinib,pan-HER tyrosine-kinase inhibitor,irreversible EGFR/HER1-HER2-HER4 inhibition,high,"NCI Drug Dictionary definition."
ACY-1215 (GDSC1:264),,ricolinostat / ACY-1215,https://www.cancer.gov/publications/dictionaries/cancer-drug/def/ricolinostat,HDAC6 inhibitor,proteostasis / aggresome disruption,high,"ACY-1215 is the ricolinostat synonym."
GSK1059615 (GDSC1:374),,GSK1059615,https://pubmed.ncbi.nlm.nih.gov/30765226/,PI3K-mTOR dual inhibitor,PI3K-AKT-mTOR pathway inhibition,high,"Primary literature reports dual PI3K/mTOR inhibition."
TENOVIN-6 (GDSC1:342),,Tenovin-6,https://pmc.ncbi.nlm.nih.gov/articles/PMC2742717/,SIRT1/SIRT2 inhibitor,p53 acetylation and activation,high,"Tool compound; not an approved anticancer therapy."
NAVITOCLAX (GDSC2:1011),,navitoclax,https://www.cancer.gov/publications/dictionaries/cancer-drug/def/navitoclax,BCL-2 family antagonist,BCL-2/BCL-XL/BCL-W inhibition and apoptosis,high,"NCI Drug Dictionary definition."
MK-2206 (GDSC2:1053),,MK-2206,https://www.cancer.gov/publications/dictionaries/cancer-drug/def/akt-inhibitor-mk2206,allosteric AKT inhibitor,PI3K/AKT signaling inhibition,high,"NCI Drug Dictionary definition."
STAUROSPORINE (GDSC2:1034),,staurosporine,https://pubmed.ncbi.nlm.nih.gov/9438863/,broad-spectrum protein-kinase inhibitor,ATP-site kinase inhibition; pleiotropic tool-compound effects,medium,"Broad kinase promiscuity limits a single-pathway interpretation."
VINCRISTINE,,vincristine,https://www.cancer.gov/publications/dictionaries/cancer-drug/def/vincristine-sulfate,microtubule/spindle inhibitor,mitotic arrest and microtubule disruption,high,"NCI Drug Dictionary definition; CTD2 response ID has no dataset suffix."
AZD-8055,,AZD8055,https://www.cancer.gov/publications/dictionaries/cancer-drug/def/mtor-kinase-inhibitor-azd8055,mTOR kinase inhibitor,mTORC1/mTORC2 pathway suppression,high,"NCI Drug Dictionary definition; CTD2 response ID has no dataset suffix."
PICTILISIB (GDSC2:1058),,pictilisib / GDC-0941,https://pubmed.ncbi.nlm.nih.gov/25370471/,class I PI3K inhibitor,PI3K-AKT pathway suppression,high,"Primary clinical pharmacology report."
MG-132 (GDSC2:1862),,MG-132,https://pubmed.ncbi.nlm.nih.gov/16001975/,reversible proteasome inhibitor,proteasome inhibition and apoptosis,medium,"Tool compound; peptide aldehydes can have off-target protease effects."
OUABAIN,,ouabain,https://pubmed.ncbi.nlm.nih.gov/40767311/,Na+/K+-ATPase inhibitor,ion-pump inhibition and downstream calcium/signaling effects,medium,"Cardiotonic steroid; effects are context- and concentration-dependent."
LEPTOMYCIN B,,leptomycin B,https://pubmed.ncbi.nlm.nih.gov/28412356/,CRM1/exportin-1 inhibitor,nuclear-export blockade,high,"Covalent CRM1 inhibitor; CTD2 response ID has no dataset suffix."
SR-II-138A,,SR-II-138A,https://pmc.ncbi.nlm.nih.gov/articles/PMC5617356/,unresolved tool compound,association with TNFRSF12A-linked sensitivity,low,"No direct mechanism was established from the cited source; exclude from mechanism-stratified claims."
